<?xml version="1.0" encoding="ISO-8859-15"?>
<objects>
  <object table="oxarticles">
	<field name="oxactive" />
	<field name="oxactiveto" />
	<field name="oxactivefrom" />
    <field name="oxartnum" />
	<field name="oxblfixedprice" />
	<field name="oxbprice" />
	<field name="oxdelivery" />
	<field name="oxdistean" />
	<field name="oxean" />
	<field name="oxexturl" />
	<field name="oxfile" />
	<field name="oxfreeshipping" />
	<field name="oxheight" />
	<field name="oxicon" />
	<field name="oxissearch" />
	<field name="oxlength" />
	<field name="oxlongdesc" />
	<field name="oxpic1" />
	<field name="oxpic2" />
	<field name="oxpic3" />
	<field name="oxpic4" />
	<field name="oxpic5" />
	<field name="oxpic6" />
	<field name="oxpic7" />
	<field name="oxprice" />
	<field name="oxpricea" />
	<field name="oxpriceb" />
	<field name="oxpricec" />
	<field name="oxquestionemail" />
	<field name="oxnonmaterial" />
	<field name="oxnostocktext" />
	<field name="oxremindactive" />
	<field name="oxorderinfo" />
	<field name="oxsearchkeys" />
	<field name="oxshortdesc" />
	<field name="oxskipdiscounts" />
	<field name="oxsort" />
	<field name="oxstock" />
	<field name="oxstocktext" />
	<field name="oxstockflag" />
    <field name="oxtemplate" />
	<field name="oxtitle" />
	<field name="oxthumb" />
	<field name="oxtprice" />
	<field name="oxurldesc" />
	<field name="oxurlimg" />
	<field name="oxunitquantity" />
	<field name="oxunitname" />
	<field name="oxvarname" />
	<field name="oxvarselect" />
	<field name="oxvendorid" />
	<field name="oxmanufacturerid" />
	<field name="oxvat" />
	<field name="oxvpe" />
	<field name="oxwidth" />
	<field name="oxweight" />
	<field name="oxzoom1" />
	<field name="oxzoom2" />
	<field name="oxzoom3" />
	<field name="oxzoom4" />
  </object>
  <object table="oxcategories">
	<field name="oxactive" />
	<field name="oxextlink" />
	<field name="oxdefsort" />
	<field name="oxdesc" />
	<field name="oxhidden" />
	<field name="oxicon" />
	<field name="oxlongdesc" />
	<field name="oxsort" />
	<field name="oxparentid" />
	<field name="oxskipdiscounts" />
	<field name="oxtemplate" />
	<field name="oxthumb" />
	<field name="oxtitle" />
  </object>
</objects>